{"val_loss": 0.85595703125, "auc": 0.8253967761993408, "val_Accuracy": 0.7435897588729858, "val_CohenKappa": 0.47580647468566895, "val_F1Score": 0.7350543737411499, "val_Recall": 0.7341269850730896, "val_Precision": 0.7528571486473083, "epoch": 9, "trainer/global_step": 1569, "_timestamp": 1659549066, "_runtime": 68, "_step": 4, "_wandb": {"runtime": 67}}