{"val_loss": 1.5791015625, "auc": 0.8666666746139526, "val_Accuracy": 0.4736842215061188, "val_CohenKappa": 0.17391300201416016, "val_F1Score": 0.472222238779068, "val_Recall": 0.6666666865348816, "val_Precision": 0.6428571343421936, "epoch": 9, "trainer/global_step": 1769, "_timestamp": 1660823457, "_runtime": 264, "_step": 4, "_wandb": {"runtime": 264}}