{"val_loss": 0.7587890625, "auc": 0.9166666269302368, "val_Accuracy": 0.7894737124443054, "val_CohenKappa": 0.5365853905677795, "val_F1Score": 0.7564102411270142, "val_Recall": 0.8666666746139526, "val_Precision": 0.75, "epoch": 9, "trainer/global_step": 1769, "_timestamp": 1660831969, "_runtime": 489, "_step": 4, "_wandb": {"runtime": 489}}