{"val_loss": 0.9736328125, "auc": 0.7371429204940796, "val_Accuracy": 0.7435897588729858, "val_CohenKappa": 0.44285714626312256, "val_F1Score": 0.721428632736206, "val_Recall": 0.7214285731315613, "val_Precision": 0.7214285731315613, "epoch": 9, "trainer/global_step": 1569, "_timestamp": 1659539544, "_runtime": 68, "_step": 4, "_wandb": {"runtime": 68}}