{"val_loss": 2.302734375, "auc": 0.1111111044883728, "val_Accuracy": 0.30000001192092896, "val_CohenKappa": -0.20689654350280762, "val_F1Score": 0.23076921701431274, "val_Recall": 0.1666666716337204, "val_Precision": 0.375, "epoch": 9, "trainer/global_step": 899, "_timestamp": 1659963216, "_runtime": 158, "_step": 4, "_wandb": {"runtime": 158}}